,groupId,perPos,perNeg,perPosDoc,perNegDoc,PSJudge,judgementCount,judgementFrac,nous,vous,je,ils,il,elle,le,UniqueWordCount,avgSD,avgEVC,rank,groupName
0,ACLU07,0.01027027,0.015135135,0,1,0.391304348,27,0.391304348,0.002162162,0.000540541,0,0.011351351,0.001081081,0,0.005945946,0.278918919,0.577079688,0.723923388,3,ACLU
1,Unitarian006,0.025641026,0.021978022,1,0,0.538461538,9,0.692307692,0.007326007,0.003663004,0.025641026,0.018315018,0,0.018315018,0,0.663003663,0.006451834,0.537620457,2,Unitarian
2,YV02,0.026578073,0.003322259,1,0,0.611111111,13,0.722222222,0.009966777,0.019933555,0.033222591,0.026578073,0,0,0.003322259,0.514950166,0.779285142,0.579184716,6,YV
3,DorothyDay406,0.050938338,0.00536193,1,0,0.35,9,0.45,0.021447721,0,0,0,0.002680965,0.016085791,0.002680965,0.522788204,0.773385579,0.576540447,4,DorothyDay
4,LiberalJudaism001,0.013574661,0.023190045,0,1,0.372093023,51,0.593023256,0.020361991,0.003393665,0.006221719,0.007918552,0.007352941,0.001696833,0.014705882,0.353506787,0.710380135,0.6159698,6,LiberalJudaism
5,ISIS004,0.016874136,0.019087137,0,1,0.484615385,109,0.838461538,0.00802213,0.005809129,0.004426003,0.009405256,0.03264177,0.003872752,0.021300138,0.237067773,0.781854721,0.626859297,2,ISIS
6,LiberalJudaism135,0.018489171,0.006867406,1,0,0.511627907,72,0.837209302,0.022715267,0.035393555,0.032752245,0.004754358,0.013734812,0,0.01320655,0.278394083,0.652398198,0.443592722,4,LiberalJudaism
7,Rabbinic052,0.021672687,0.018894137,1,0,0.268738574,234,0.427787934,0.001528202,0.002361767,0.017504862,0.011530981,0.029730481,0.000138927,0.012086691,0.176298972,0.657594233,0.563041126,4,Rabbinic
8,AEU010,0.022196262,0.018691589,1,0,0.328571429,41,0.585714286,0.011682243,0,0.003504673,0.013434579,0.004088785,0,0.022196262,0.339953271,0.73372807,0.782806457,8,AEU
9,YV27,0.054602184,0.029641186,1,0,0.32,25,0.5,0,0.020280811,0.001560062,0.00624025,0.031201248,0,0.007800312,0.455538222,0.706823762,0.618484539,5,YV
10,JohnPiper413,0.049211356,0.026182965,1,0,0.494186047,119,0.691860465,0.033123028,0.006940063,0.00851735,0.011356467,0.008832808,0.004100946,0.009463722,0.204416404,0.719907553,0.636675363,2,JohnPiper
11,ISIS009,0.027118644,0.023728814,1,0,0.666666667,6,0.666666667,0.003389831,0,0.003389831,0.013559322,0.010169492,0,0,0.613559322,0.246636063,0.581083736,1,ISIS
12,LiberalJudaism069,0.029780564,0.011494253,1,0,0.404761905,59,0.702380952,0.016718913,0.009926855,0.02246604,0.001567398,0.011494253,0.002089864,0.010449321,0.358934169,0.667048018,0.636022839,4,LiberalJudaism
13,SeaShepherds408,0.018075492,0.042530569,0,1,0.311926606,65,0.596330275,0.015417331,0.004784689,0.00744285,0.012759171,0.000531632,0.000531632,0.016480595,0.325358852,0.687457119,0.507854516,1,Shepherd
14,AEU006,0.039259424,0.027660049,1,0,0.240437158,145,0.792349727,0.025652465,0.01182244,0.001561454,0.012491635,0.008030337,0.002007584,0.016060674,0.287084542,0.754315412,0.857435597,6,AEU
15,AEU013,0.023172906,0.026737968,0,1,0.310344828,13,0.448275862,0.007130125,0,0.001782531,0.007130125,0,0,0.016042781,0.484848485,0.515307771,0.460333457,8,AEU
16,WBC294,0.032305433,0.023127753,1,0,0.489208633,98,0.705035971,0.019089574,0.016886931,0.041483113,0.008076358,0.017988253,0,0.008810573,0.243024963,0.673334676,0.596112311,1,WBC
17,JohnPiper559,0.032205595,0.019843852,1,0,0.415584416,96,0.623376623,0.014313598,0.005530254,0.01008458,0.011385817,0.012361744,0.000325309,0.010735198,0.189329863,0.75182182,0.649720304,4,JohnPiper
18,MalcolmX011,0.018480066,0.014431063,1,0,0.26534296,435,0.785198556,0.019206811,0.031769103,0.012977575,0.014015781,0.015988372,0.001038206,0.017960963,0.147113787,0.693204622,0.681160396,2,MalcolmX
19,WBC324,0.021168891,0.004601933,1,0,0.520547945,56,0.767123288,0.011044639,0.00276116,0.00414174,0.018867925,0.040497009,0.000460193,0.011504832,0.242061666,0.782362484,0.462987027,1,WBC
20,PastorAnderson155,0.022934537,0.016884876,1,0,0.389312977,474,0.723664122,0.008939052,0.02013544,0.01255079,0.016704289,0.026455982,0.003611738,0.016975169,0.098781038,0.694688797,0.632897576,1,Anderson
21,Rabbinic011,0.017478617,0.013387877,1,0,0.374301676,98,0.547486034,0.003346969,0.004462626,0.013759762,0.006322053,0.034585348,0.017478617,0.011156564,0.252138341,0.64423484,0.530877676,4,Rabbinic
22,Rabbinic032,0.020576132,0.021604938,0,1,0.234482759,66,0.455172414,0.001028807,0.001028807,0.00617284,0.012345679,0.043209877,0.004115226,0.015432099,0.294238683,0.629831003,0.629576252,4,Rabbinic
23,Shepherd005,0.026898048,0.032537961,0,1,0.282296651,124,0.593301435,0.00824295,0.012581345,0.020824295,0.009978308,0.022559653,0.002603037,0.015618221,0.281561822,0.655462075,0.586214588,1,Shepherd
24,PastorAnderson072,0.022051103,0.012250613,1,0,0.490566038,122,0.767295597,0.01540077,0.018550928,0.0140007,0.01260063,0.011550578,0.001050053,0.025901295,0.173258663,0.710282769,0.622488229,1,Anderson
25,Unitarian145,0.024363234,0.019047619,1,0,0.203045685,233,0.591370558,0.014839424,0.010409745,0.042303433,0.008637874,0.003986711,0.009966777,0.012624585,0.256921373,0.675800192,0.514337817,7,Unitarian
26,JohnPiper265,0.020510674,0.010883215,1,0,0.483050847,83,0.703389831,0.01213897,0.002511511,0.004604437,0.004604437,0.033486815,0,0.007953118,0.191712013,0.78616666,0.834559504,4,JohnPiper
27,MehrBaba263,0.04625,0.03375,1,0,0.826086957,21,0.913043478,0.09125,0,0.00125,0,0.03,0,0.005,0.37125,0.76052339,0.624718089,5,MehrBaba
28,Rabbinic029,0.011534025,0.01230296,0,1,0.248677249,88,0.465608466,0.004998078,0.004229143,0.006920415,0.021145713,0.018454441,0.002306805,0.020376778,0.259900038,0.733324316,0.791953826,4,Rabbinic
29,Shepherd726,0.029976019,0.036370903,0,1,0.194552529,154,0.59922179,0.020383693,0.021982414,0.023181455,0.01598721,0.022781775,0.005195843,0.007593925,0.262589928,0.652978547,0.489921291,2,Shepherd
30,MehrBaba048,0.026595745,0.020516717,1,0,0.452991453,109,0.931623932,0.001519757,0.010258359,0.061170213,0.008358663,0.030395137,0.002659574,0.007598784,0.300531915,0.672532827,0.617734072,6,MehrBaba
31,JohnPiper031,0.026054591,0.037841191,0,1,0.428571429,66,0.725274725,0.0117866,0.019851117,0.017990074,0.004962779,0.035359801,0.000620347,0.013027295,0.29528536,0.644016509,0.612990413,3,JohnPiper
32,JohnPiper008,0.031795947,0.035988819,0,1,0.375722543,108,0.624277457,0.031795947,0.013277428,0.005590496,0.00698812,0.00873515,0,0.008385744,0.259958071,0.674478843,0.449454604,5,JohnPiper
33,ACLU10,0.013651877,0.035836177,0,1,0.456521739,22,0.47826087,0.005119454,0,0,0.006825939,0.003412969,0.001706485,0.018771331,0.389931741,0.678367263,0.732896515,3,ACLU
34,PastorAnderson093,0.029562847,0.02138589,1,0,0.409660107,454,0.81216458,0.024006709,0.019498899,0.016249083,0.016039417,0.023063214,0,0.020127896,0.100534647,0.639178783,0.713922693,1,Anderson
35,Rabbinic055,0.022247254,0.013235708,1,0,0.252459016,139,0.455737705,0.002252887,0.002534497,0.014362152,0.0208392,0.036609406,0.000563222,0.018867925,0.242748522,0.65902386,0.60732579,4,Rabbinic
36,YV09,0.035876705,0.010106114,1,0,0.277777778,74,0.685185185,0.008590197,0.010106114,0.006568974,0.009600808,0.026781203,0.002021223,0.009095503,0.3097524,0.710387859,0.634385752,7,YV
37,Rabbinic035,0.011102887,0.013323464,0,1,0.2,54,0.432,0.00296077,0.007401925,0.009622502,0.021465581,0.034789045,0,0.017024426,0.310880829,0.693976422,0.700648909,4,Rabbinic
38,ISIS003,0.036363636,0.025,1,0,0.279069767,21,0.488372093,0.002272727,0.006818182,0,0.022727273,0.011363636,0,0.007954545,0.409090909,0.783809564,0.728928801,1,ISIS
39,Rabbinic014,0.006940874,0.015167095,0,1,0.312280702,125,0.438596491,0.001542416,0.002056555,0.016709512,0.009768638,0.023650386,0.002056555,0.018508997,0.21285347,0.661862871,0.659890483,4,Rabbinic
40,LiberalJudaism117,0.027160494,0.020576132,1,0,0.396551724,49,0.844827586,0.033744856,0.023868313,0.026337449,0.001646091,0.009876543,0,0.019753086,0.374485597,0.689656856,0.629901371,4,LiberalJudaism
41,Rabbinic034,0.018908698,0.015667207,1,0,0.173228346,48,0.377952756,0.001080497,0.002701243,0.008643976,0.003241491,0.024851432,0.005402485,0.011345219,0.287952458,0.748001037,0.700399236,4,Rabbinic
42,Unitarian276,0.01795977,0.028017241,0,1,0.472527473,83,0.912087912,0.00862069,0.011494253,0.064655172,0.010057471,0.010775862,0.000718391,0.017241379,0.297413793,0.70735687,0.597191697,3,Unitarian
43,MehrBaba097,0.023199023,0.072039072,0,1,0.616666667,40,0.666666667,0.004884005,0.041514042,0.001221001,0.008547009,0.014652015,0,0.012210012,0.306471306,0.662009186,0.590964987,5,MehrBaba
44,YV05,0.037227214,0.022464698,1,0,0.335664336,101,0.706293706,0.016688062,0.059050064,0.014120668,0.010911425,0,0,0.011553273,0.272785623,0.694130954,0.628187391,4,YV
45,Unitarian118,0.023324331,0.0203781,1,0,0.253787879,152,0.575757576,0.012767002,0.005155905,0.008838694,0.006137982,0.02356985,0.000982077,0.007365578,0.295359686,0.673564761,0.584605724,6,Unitarian
46,YV12,0.037037037,0.00617284,1,0,0.411764706,7,0.411764706,0.00617284,0.00617284,0,0.00617284,0.00617284,0,0.015432099,0.49382716,0.837462966,0.608677117,6,YV
47,SeaShepherds400,0.027522936,0.033639144,0,1,0.456140351,34,0.596491228,0.004077472,0,0.004077472,0.034658512,0.011213048,0,0.009174312,0.399592253,0.680742079,0.531921213,2,Shepherd
48,SeaShepherds402,0.028282828,0.03030303,0,1,0.541666667,14,0.583333333,0.032323232,0,0,0.006060606,0,0,0.006060606,0.436363636,0.793772015,0.801489296,2,Shepherd
49,AEU003,0.023121387,0.054913295,0,1,0.666666667,8,0.666666667,0.037572254,0,0,0.005780347,0,0,0.011560694,0.514450867,0.750211193,0.522825838,8,AEU
50,MehrBaba002,0.029307282,0.021314387,1,0,0.285714286,19,0.452380952,0.000888099,0.000888099,0.023090586,0.000888099,0.005328597,0.000888099,0.010657194,0.423623446,0.717306406,0.575020294,6,MehrBaba
51,LiberalJudaism109,0.018896447,0.012849584,1,0,0.452830189,44,0.830188679,0.04686319,0.007558579,0.008314437,0.009826153,0.003023432,0.002267574,0.010582011,0.34542706,0.718942836,0.761599956,3,LiberalJudaism
52,Rabbinic003,0.021768252,0.009377093,1,0,0.12704918,92,0.37704918,0.002344273,0.006028131,0.006363027,0.006697924,0.022438044,0.000334896,0.024782317,0.263563295,0.820331819,0.644228221,4,Rabbinic
53,DorothyDay399,0.033829499,0.02165088,1,0,0.514285714,30,0.857142857,0.01894452,0,0.00811908,0.01488498,0.02165088,0.00270636,0.00811908,0.427604871,0.813610765,0.824332314,3,DorothyDay
54,Rabbinic027,0.012820513,0.016826923,0,1,0.228571429,85,0.404761905,0.000801282,0.003205128,0.015625,0.014022436,0.030448718,0.000801282,0.018830128,0.238782051,0.681643263,0.679604187,4,Rabbinic
55,YV16,0.007949126,0.004769475,1,0,0.682539683,50,0.793650794,0.0063593,0.079491256,0.014308426,0.004769475,0.007949126,0.007949126,0.023847377,0.317965024,0.724811001,0.653978066,5,YV
56,Bahai07,0.014267185,0.016861219,0,1,0.37037037,13,0.481481481,0.002594034,0.001297017,0,0.003891051,0,0,0.010376135,0.428015564,0.762996781,0.651408442,5,Bahai
57,DorothyDay056,0.018181818,0.018181818,0,1,0.47826087,18,0.782608696,0.002597403,0.01038961,0,0.002597403,0,0.046753247,0.028571429,0.477922078,-0.290661612,0.59882257,3,DorothyDay
58,ISIS012,0.012337662,0.035064935,0,1,0.476190476,56,0.888888889,0.013636364,0.007792208,0.028571429,0.013636364,0.019480519,0,0.005844156,0.353896104,0.727431335,0.704713872,1,ISIS
59,Rabbinic026,0.026695669,0.015028673,1,0,0.128686327,174,0.466487936,0.002175203,0.006723354,0.008503065,0.010678268,0.03401226,0.004350405,0.01562191,0.203875816,0.729483022,0.662339049,4,Rabbinic
60,Rabbinic013,0.024530756,0.014309608,1,0,0.258241758,184,0.505494505,0.004274298,0.001300873,0.014867125,0.007247723,0.032521836,0.003345103,0.01393793,0.205909682,0.654945172,0.565810915,4,Rabbinic
61,YV50,0.061371841,0.012635379,1,0,0.558823529,22,0.647058824,0.05234657,0,0.003610108,0.005415162,0.003610108,0.003610108,0.010830325,0.388086643,0.77837774,0.633961004,6,YV
62,Bahai14,0.026993865,0.004907975,1,0,0.482758621,17,0.586206897,0.020858896,0,0,0.004907975,0.014723926,0,0.004907975,0.347239264,0.809304524,0.859729087,4,Bahai
63,JohnPiper256,0.028854436,0.015934539,1,0,0.417218543,106,0.701986755,0.014211886,0.019379845,0.002153316,0.010766581,0.029285099,0.011197244,0.011627907,0.226528854,0.679693287,0.566452437,3,JohnPiper
64,Rabbinic042,0.01958307,0.017372078,1,0,0.243542435,125,0.461254613,0.006001263,0.001263424,0.008212255,0.003474416,0.044535692,0.000631712,0.014213519,0.228363866,0.690709146,0.606717986,4,Rabbinic
65,LiberalJudaism023,0.024824952,0.027371101,0,1,0.492537313,50,0.746268657,0.047103756,0.006365372,0.010821133,0.005728835,0.003182686,0,0.012094208,0.324633991,0.733023196,0.621492699,2,LiberalJudaism
66,JohnPiper358,0.017929016,0.013538236,1,0,0.467625899,82,0.589928058,0.016099524,0.017563117,0.006586169,0.007317966,0.020490304,0,0.003293085,0.185510428,0.684269084,0.84315097,1,JohnPiper
67,Rabbinic051,0.010769231,0.012615385,0,1,0.248908297,102,0.445414847,0.003076923,0.002153846,0.007076923,0.010461538,0.029846154,0.022153846,0.008,0.240615385,0.733350716,0.641893971,4,Rabbinic
68,LiberalJudaism031,0.025291829,0.042153048,0,1,0.486111111,56,0.777777778,0.02075227,0.00843061,0.009727626,0.017509728,0.003891051,0.017509728,0.007133593,0.381322957,0.73528766,0.385494166,2,LiberalJudaism
69,Rabbinic036,0.00795053,0.016342756,0,1,0.246835443,85,0.537974684,0.000883392,0.003533569,0.00795053,0.026060071,0.030918728,0.007067138,0.009717314,0.291519435,0.647301082,0.600536172,4,Rabbinic
70,WBC039,0.016684416,0.033368832,0,1,0.412790698,85,0.494186047,0.007099752,0.007454739,0.004614838,0.017749379,0.027334043,0.001774938,0.008164714,0.23571175,0.714994283,0.74266249,2,WBC
71,MehrBaba081,0.016877637,0.012658228,1,0,0.545454545,13,0.590909091,0.002109705,0.010548523,0,0,0.004219409,0,0.016877637,0.331223629,0.807328838,0.888252463,7,MehrBaba
72,MehrBaba061,0.031176471,0.015882353,1,0,0.393442623,55,0.901639344,0.006470588,0.016470588,0.017647059,0.003529412,0.004705882,0.032352941,0.015882353,0.374117647,0.760909315,0.773386,8,MehrBaba
73,JohnPiper103,0.026709402,0.016025641,1,0,0.204081633,12,0.244897959,0.021367521,0.025641026,0.010683761,0.002136752,0.019230769,0,0.003205128,0.34508547,0.746206991,0.639940519,3,JohnPiper
74,ACLU01,0.008264463,0.047225502,0,1,0.43902439,26,0.634146341,0.010625738,0.001180638,0.0094451,0.007083825,0.033057851,0,0.007083825,0.45690673,0.616043343,0.433556172,3,ACLU
75,DorothyDay412,0.034387895,0.027510316,1,0,0.333333333,28,0.622222222,0.031636864,0.006877579,0.011004127,0.002751032,0.004126547,0.004126547,0.013755158,0.447042641,0.773183589,0.469079469,3,DorothyDay
76,MehrBaba069,0.039796782,0.009314141,1,0,0.723404255,42,0.893617021,0.008467401,0.00592718,0.011854361,0.00762066,0.040643522,0,0.011854361,0.377646063,0.695859149,0.556721188,7,MehrBaba
77,MehrBaba041,0.031442242,0.009569378,1,0,0.507246377,48,0.695652174,0.003417635,0,0.022556391,0.002050581,0.015721121,0.019822283,0.028024607,0.336295284,0.69313788,0.733568708,7,MehrBaba
78,Rabbinic022,0.022084806,0.013250883,1,0,0.211538462,69,0.442307692,0.002650177,0.003975265,0.014575972,0.024293286,0.026501767,0.003533569,0.017226148,0.27385159,0.697817354,0.695025821,4,Rabbinic
79,JohnPiper572,0.036870952,0.033383159,1,0,0.402777778,83,0.576388889,0.026407573,0.01145989,0.022421525,0.000996512,0.021923269,0,0.011958146,0.301943199,0.611568231,0.528360249,3,JohnPiper
80,SeaShepherds397,0.037681159,0.023188406,1,0,0.882352941,15,0.882352941,0.046376812,0.023188406,0,0.005797101,0,0,0,0.524637681,0.674545058,0.437062563,1,Shepherd
81,Rabbinic028,0.021950817,0.007426968,1,0,0.143451143,195,0.405405405,0.001815481,0.00396105,0.011883149,0.009077406,0.023436211,0.000660175,0.017164549,0.189140122,0.801210771,0.595728904,4,Rabbinic
82,MehrBaba228,0.049559471,0.016519824,1,0,0.364705882,49,0.576470588,0.006057269,0.009911894,0.008259912,0.00715859,0.021475771,0.001651982,0.010462555,0.327643172,0.624726323,0.589994851,4,MehrBaba
83,ISIS008,0.012484395,0.024656679,0,1,0.595744681,73,0.776595745,0.009363296,0.009051186,0.004369538,0.015917603,0.014981273,0,0.012172285,0.258114856,0.710783564,0.560929319,1,ISIS
84,Unitarian068,0.027226319,0.018718094,1,0,0.230414747,134,0.617511521,0.011060692,0.002836075,0.030062394,0.010777085,0.014463982,0.00340329,0.011627907,0.317923993,0.672569676,0.536925084,3,Unitarian
85,MehrBaba009,0.036756126,0.015169195,1,0,0.527777778,49,0.680555556,0.002917153,0,0.005250875,0.008751459,0.029754959,0,0.015752625,0.294632439,0.768238215,0.61639261,6,MehrBaba
86,Rabbinic056,0.022643497,0.020273828,1,0,0.244966443,141,0.473154362,0.003422854,0.005792522,0.012111638,0.034755134,0.02685624,0.001843075,0.012111638,0.229594523,0.682593072,0.639191679,4,Rabbinic
87,ACLU09,0.015217391,0.020652174,0,1,0.40625,17,0.53125,0.006521739,0.001086957,0,0.00326087,0,0,0.019565217,0.401086957,0.701179359,0.607449832,3,ACLU
88,MehrBaba005,0.032258065,0.027073733,1,0,0.34939759,47,0.56626506,0.001152074,0.001728111,0.000576037,0.006336406,0.009792627,0,0.023617512,0.360023041,0.674805897,0.540547717,6,MehrBaba
89,YV56,0.015523933,0.015523933,0,1,0.371428571,51,0.728571429,0,0.062095731,0.029754204,0.002587322,0.001293661,0.006468305,0.029754204,0.31694696,0.726058983,0.579253923,5,YV
90,WBC410,0.024613221,0.034692921,0,1,0.446236559,139,0.747311828,0.003281763,0.00867323,0.017815284,0.015939991,0.016877637,0.01875293,0.006329114,0.201593999,0.667292701,0.62658756,1,WBC
91,ACLU05,0.030952381,0.029761905,1,0,0.547619048,34,0.80952381,0.026190476,0,0.005952381,0.001190476,0.047619048,0.001190476,0.005952381,0.442857143,0.693449363,0.554392761,3,ACLU
92,DorothyDay081,0.02248357,0.030093393,0,1,0.490909091,99,0.9,0.020062262,0.003459011,0.00968523,0.00657212,0.027672086,0.023175372,0.00657212,0.285022484,0.692289822,0.700691663,3,DorothyDay
93,SeaShepherds409,0.03562341,0.030534351,1,0,0.476190476,17,0.80952381,0.081424936,0.005089059,0,0.010178117,0,0.015267176,0.002544529,0.470737913,0.819925496,0.647116919,3,Shepherd
94,JohnPiper503,0.031073446,0.019303202,1,0,0.406504065,81,0.658536585,0.02354049,0.028719397,0.011299435,0.001412429,0.033898305,0,0.007062147,0.265536723,0.63609172,0.623267788,3,JohnPiper
95,Rabbinic039,0.015876016,0.021168021,0,1,0.264705882,184,0.450980392,0.001134001,0.006993007,0.011340011,0.005859006,0.036666037,0.003024003,0.016632017,0.203742204,0.696258871,0.634417366,4,Rabbinic
96,PastorAnderson089,0.0211087,0.018938647,1,0,0.450094162,436,0.821092279,0.016571316,0.015190373,0.019925035,0.020812784,0.022292365,0,0.015190373,0.097849674,0.678455319,0.71614264,1,Anderson
97,JohnPiper032,0.02583423,0.037674919,0,1,0.487179487,85,0.726495726,0.01883746,0.013993541,0.013993541,0.00861141,0.034983854,0,0.009149623,0.270182992,0.676367772,0.713595475,3,JohnPiper
98,YV45,0.053359684,0.019762846,1,0,0.270833333,28,0.583333333,0.003952569,0.059288538,0,0.001976285,0.007905138,0,0.02173913,0.444664032,0.742725785,0.54416115,7,YV
99,Rabbinic049,0.016363636,0.023116883,0,1,0.328719723,150,0.519031142,0.003116883,0.005714286,0.018701299,0.008311688,0.026233766,0.033506494,0.009350649,0.219480519,0.609605965,0.653584421,4,Rabbinic
100,MehrBaba231,0.012658228,0.021518987,0,1,0.636363636,26,0.787878788,0.012658228,0.006329114,0.013924051,0.02278481,0.020253165,0,0.007594937,0.397468354,0.776419154,0.84437071,3,MehrBaba
101,Rabbinic046,0.013959672,0.01905606,0,1,0.24099723,162,0.448753463,0.001329493,0.004653224,0.013516508,0.026811434,0.021715045,0.002215821,0.014624418,0.214934633,0.713300167,0.567686352,4,Rabbinic
102,Rabbinic009,0.016417473,0.017883319,0,1,0.20754717,111,0.418867925,0.001172677,0.004104368,0.011433597,0.004397537,0.040750513,0.000879507,0.015831135,0.211668133,0.693935456,0.674003252,4,Rabbinic
103,MehrBaba015,0.033333333,0.017741935,1,0,0.483870968,42,0.677419355,0.001612903,0.002688172,0.002150538,0.004301075,0.026344086,0.000537634,0.007526882,0.333333333,0.70614757,0.618083051,7,MehrBaba
104,MalcolmX002,0.014987604,0.020509353,0,1,0.318637275,383,0.76753507,0.016114492,0.025918413,0.021861618,0.026819923,0.013297273,0,0.01532567,0.151679062,0.689361439,0.544888486,2,MalcolmX
105,MehrBaba031,0.030508475,0.016949153,1,0,0.5,32,0.761904762,0.001129944,0.003389831,0.021468927,0.007909605,0.021468927,0,0.011299435,0.401129944,0.75174373,0.493448678,5,MehrBaba
106,AEU014,0.022312373,0.034482759,0,1,0.411764706,10,0.588235294,0.038539554,0,0,0.004056795,0,0,0.002028398,0.482758621,0.818833761,0.672188407,7,AEU
107,MehrBaba119,0.025048924,0.018786693,1,0,0.242105263,58,0.610526316,0.001565558,0.001956947,0.001565558,0.007436399,0.010176125,0.02074364,0.009001957,0.345596869,0.705837586,0.719118249,7,MehrBaba
108,SeaShepherds399,0.039611964,0.018593371,1,0,0.433333333,53,0.883333333,0.009700889,0.00323363,0.029911075,0.021018593,0,0,0.012126112,0.396928052,0.709858724,0.6648941,3,Shepherd
109,Bahai28,0.03930131,0.008733624,1,0,0.4375,13,0.8125,0.004366812,0,0,0.021834061,0.061135371,0,0.004366812,0.480349345,0.280812524,0.686010553,6,Bahai
110,Bahai66,0.025449102,0.011976048,1,0,0.470588235,29,0.852941176,0.046407186,0,0.005988024,0.002994012,0.002994012,0.002994012,0.020958084,0.471556886,0.701138232,0.451970104,5,Bahai
111,MehrBaba147,0.034634415,0.015942826,1,0,0.514285714,55,0.785714286,0.018691589,0,0,0.007146784,0.026937878,0,0.010995052,0.320505772,0.831713686,0.788285867,6,MehrBaba
112,LiberalJudaism140,0.026611473,0.012418687,1,0,0.458333333,64,0.888888889,0.063867534,0.008870491,0.026020106,0.008870491,0.010644589,0,0.013010053,0.311058545,0.672516199,0.671586889,5,LiberalJudaism
113,LiberalJudaism016,0.025,0.013265306,1,0,0.424242424,69,0.696969697,0.031122449,0.003061224,0.019387755,0.003061224,0.004591837,0.013265306,0.018367347,0.32244898,0.665636604,0.596436412,6,LiberalJudaism
114,ACLU06,0.021215043,0.018322083,1,0,0.4,23,0.511111111,0.015429122,0,0,0.007714561,0.00096432,0,0.008678881,0.338476374,0.636620492,0.494121723,3,ACLU
115,YV25,0.020100503,0.005025126,1,0,0.529411765,9,0.529411765,0,0.030150754,0.035175879,0.025125628,0,0,0.015075377,0.502512563,0.591957823,0.679157359,3,YV
116,SeaShepherds406,0.012317167,0.024634334,0,1,0.424242424,32,0.484848485,0.023094688,0.001539646,0.002309469,0.023864511,0,0,0.007698229,0.309468822,0.687539194,0.747693114,1,Shepherd
117,Rabbinic044,0.014173816,0.012681835,1,0,0.21719457,89,0.402714932,0.00074599,0.001864976,0.010070869,0.011189855,0.037299515,0.001864976,0.017157777,0.270048489,0.679590251,0.563204655,4,Rabbinic
118,Bahai70,0.015320334,0.01810585,0,1,0.419354839,19,0.612903226,0.016713092,0,0.005571031,0.004178273,0.001392758,0,0.013927577,0.45264624,0.737423521,0.644161456,6,Bahai
119,YV03,0.011494253,0.002873563,1,0,0.3,23,0.46,0.004310345,0.010057471,0.001436782,0.00862069,0.001436782,0.001436782,0.024425287,0.375,0.753395586,0.706460241,3,YV
120,WBC156,0.041682036,0.027665068,1,0,0.516666667,74,0.616666667,0.015492438,0.017336776,0.02434526,0.012910365,0.025082995,0,0.009590557,0.217263003,0.669761335,0.707358946,2,WBC
121,LiberalJudaism059,0.019248396,0.012832264,1,0,0.617021277,36,0.765957447,0.014665445,0.002749771,0.004582951,0.016498625,0.001833181,0,0.013748854,0.391384051,0.754377274,0.620207475,5,LiberalJudaism
122,JohnPiper077,0.024662634,0.022801303,1,0,0.47257384,187,0.789029536,0.021637971,0.016984644,0.008143322,0.022103304,0.016984644,0.002791996,0.006979991,0.193345742,0.680019884,0.719528746,3,JohnPiper
123,Rabbinic002,0.031688437,0.024915336,1,0,0.263888889,117,0.541666667,0.006047412,0.008950169,0.00411224,0.013788099,0.035074988,0.003628447,0.009675859,0.258829221,0.80719509,0.585205967,4,Rabbinic
124,LiberalJudaism120,0.021213907,0.023571008,0,1,0.405063291,51,0.64556962,0.013553329,0.002357101,0.016499705,0.003535651,0.014142605,0.002357101,0.014142605,0.378314673,0.660920583,0.633082854,4,LiberalJudaism
125,Bahai01,0.022727273,0.012987013,1,0,0.5,12,0.5,0.01461039,0.012987013,0,0.019480519,0.00487013,0,0.01461039,0.474025974,0.712305569,0.741157725,6,Bahai
126,SeaShepherds403,0.023210832,0.052224371,0,1,0.592592593,17,0.62962963,0.011605416,0.001934236,0.025145068,0.023210832,0,0,0.001934236,0.489361702,0.714305924,0.592919762,1,Shepherd
127,MehrBaba260,0.021276596,0.007598784,1,0,0.579365079,107,0.849206349,0.013677812,0.007598784,0.067882472,0.004559271,0.01266464,0.015704154,0.005572442,0.251266464,0.713530629,0.732794306,5,MehrBaba
128,LiberalJudaism066,0.027280477,0.021312873,1,0,0.561403509,43,0.754385965,0.044330776,0.017902813,0.011935209,0.00341006,0.000852515,0.00170503,0.005967604,0.356351236,0.667236145,0.61433804,3,LiberalJudaism
129,DorothyDay142,0.030706244,0.028659161,1,0,0.325581395,29,0.674418605,0.011258956,0.002047083,0.006141249,0.01432958,0.004094166,0.010235415,0.009211873,0.430910952,0.791742321,0.710015848,4,DorothyDay
130,MehrBaba213,0.029362416,0.024049217,1,0,0.447236181,155,0.778894472,0.000279642,0.006711409,0.006991051,0.003355705,0.049496644,0.017897092,0.005033557,0.24049217,0.787198525,0.633465864,4,MehrBaba
131,PastorAnderson144,0.031713131,0.021971189,1,0,0.120555556,713,0.396111111,0.035547725,0.014820189,0.009534667,0.017514768,0.023525754,0.000829101,0.01969116,0.092755726,0.683461814,0.602631348,1,Anderson
132,MehrBaba017,0.021026895,0.01809291,1,0,0.460674157,80,0.898876404,0.008312958,0.000488998,0.000488998,0.011735941,0.078728606,0,0.006845966,0.294376528,0.683052822,0.648466923,6,MehrBaba
133,Bahai02,0.019125683,0.031420765,0,1,0.333333333,17,0.472222222,0.031420765,0,0.00136612,0.010928962,0.004098361,0,0.004098361,0.450819672,0.631077319,0.482038081,5,Bahai
134,Rabbinic050,0.01445663,0.020687936,0,1,0.253246753,140,0.454545455,0.003738784,0.002741775,0.016450648,0.006480558,0.031655035,0.021684945,0.011465603,0.224077767,0.739681262,0.654359239,4,Rabbinic
135,DorothyDay497,0.018092105,0.018092105,0,1,0.411764706,27,0.794117647,0.009868421,0,0.003289474,0.009868421,0.074013158,0.018092105,0.006578947,0.427631579,0.807848542,0.59927823,4,DorothyDay
136,LiberalJudaism115,0.024187975,0.013130615,1,0,0.507936508,50,0.793650794,0.020041465,0.00552868,0.006219765,0.00829302,0.021423635,0.00138217,0.013130615,0.371803732,0.749658952,0.562846771,2,LiberalJudaism
137,LiberalJudaism092,0.022485207,0.020118343,1,0,0.348484848,52,0.787878788,0.025443787,0.003550296,0.00295858,0.006508876,0.008284024,0.000591716,0.01183432,0.365680473,0.742194389,0.540953915,3,LiberalJudaism
138,WBC347,0.035810206,0.024171889,1,0,0.367021277,140,0.744680851,0.012085944,0.013652641,0.008728738,0.027976723,0.034019696,0.000223814,0.007385855,0.21396598,0.676558162,0.524733948,2,WBC
139,JohnPiper018,0.034315882,0.011878575,1,0,0.341463415,92,0.56097561,0.01891773,0.025076991,0.010118786,0.009238891,0.011878575,0,0.010558733,0.199736032,0.637843877,0.709707376,4,JohnPiper
140,MehrBaba020,0.02460956,0.021769995,1,0,0.34375,43,0.447916667,0.000946522,0.000946522,0.002366304,0.012778041,0.010411737,0,0.008518694,0.353999053,0.685769103,0.708336407,4,MehrBaba
141,Bahai06,0.040419162,0.00748503,1,0,0.324324324,17,0.459459459,0.008982036,0,0,0.013473054,0.001497006,0,0.005988024,0.425149701,0.714937882,0.602026721,5,Bahai
142,ACLU08,0.010277492,0.019527235,0,1,0.324324324,13,0.351351351,0.003083248,0,0.001027749,0.012332991,0.003083248,0,0.004110997,0.416238438,0.692984566,0.659466954,3,ACLU
143,Bahai58,0.017910448,0.007462687,1,0,0.125,7,0.21875,0,0,0,0.013432836,0,0,0.004477612,0.482089552,0.745433871,0.628291474,6,Bahai
144,Bahai08,0.024531025,0.012987013,1,0,0.392857143,12,0.428571429,0.005772006,0.001443001,0,0.01010101,0.001443001,0,0.005772006,0.43001443,0.843163794,0.8119854,6,Bahai
145,MalcolmX008,0.020566982,0.016675931,1,0,0.458333333,51,0.708333333,0.010561423,0.000555864,0.032240133,0.011117287,0.006670372,0.001111729,0.010005559,0.342968316,0.743466374,0.611114086,3,MalcolmX
146,Rabbinic058,0.020886889,0.015424165,1,0,0.202846975,102,0.362989324,0.004177378,0.002892031,0.010282776,0.015424165,0.030205656,0.000321337,0.014460154,0.234254499,0.67977715,0.762120303,4,Rabbinic
147,WBC265,0.021494709,0.016534392,1,0,0.291139241,97,0.613924051,0.001653439,0.000992063,0.005291005,0.018518519,0.021494709,0.006283069,0.008267196,0.307539683,0.693884224,0.534129864,1,WBC
148,LiberalJudaism153,0.024175824,0.016483516,1,0,0.527777778,50,0.694444444,0.014285714,0.003846154,0.005494505,0.011538462,0.012087912,0.001098901,0.012087912,0.358791209,0.692081188,0.670465957,3,LiberalJudaism
149,Shepherd224,0.027882442,0.038809344,0,1,0.181528662,147,0.468152866,0.035418237,0.006405426,0.021100226,0.007535795,0.012810852,0.002637528,0.009796534,0.279954785,0.650751612,0.471404768,4,Shepherd
150,MalcolmX012,0.020918599,0.016371078,1,0,0.260330579,154,0.636363636,0.011823556,0.016143702,0.005911778,0.012278308,0.018190086,0.002046385,0.012278308,0.200773079,0.71347903,0.682081281,2,MalcolmX
151,ACLU02,0.026359143,0.001647446,1,0,0.8125,14,0.875,0.004942339,0.001647446,0,0.008237232,0,0,0.019769357,0.431630972,0.74708813,0.526031851,3,ACLU
152,Unitarian219,0.035693388,0.033352838,1,0,0.258928571,142,0.633928571,0.026331188,0.006436513,0.029549444,0.008484494,0.002633119,0.006729081,0.011995319,0.315974254,0.659655417,0.631939537,4,Unitarian
153,MehrBaba080,0.03777336,0.003976143,1,0,0.681818182,21,0.954545455,0,0,0.067594433,0,0.043737575,0,0.001988072,0.431411531,0.730644755,0.609386152,5,MehrBaba
154,MehrBaba052,0.052762259,0.022967101,1,0,0.40952381,93,0.885714286,0.03786468,0.016759777,0.027312228,0.011173184,0.032278088,0.003103662,0.008069522,0.305400372,0.698576468,0.64679551,6,MehrBaba
155,DorothyDay070,0.029654036,0.010708402,1,0,0.338983051,44,0.745762712,0.013179572,0.00247117,0.009884679,0.004942339,0.030477759,0.006589786,0.010708402,0.383031301,0.741253737,0.574778575,5,DorothyDay
156,MehrBaba032,0.014227642,0.023373984,0,1,0.4375,25,0.520833333,0.006097561,0.004065041,0.00304878,0.00101626,0.00203252,0,0.020325203,0.363821138,0.773076897,0.693222053,6,MehrBaba
157,Bahai42,0.024566474,0.021676301,1,0,0.6,20,0.8,0.005780347,0,0.030346821,0.011560694,0.002890173,0.001445087,0.005780347,0.484104046,0.72841439,0.559504305,6,Bahai
158,YV52,0.041237113,0.021649485,1,0,0.479166667,30,0.625,0.009278351,0.003092784,0.018556701,0.011340206,0.009278351,0.002061856,0.013402062,0.43814433,0.672650467,0.536641942,5,YV
159,Rabbinic005,0.020725389,0.016839378,1,0,0.274089936,201,0.430406852,0.002590674,0.001781088,0.016839378,0.012467617,0.033193005,0.000971503,0.015544041,0.185071244,0.661872185,0.594379378,4,Rabbinic
160,ISIS006,0.01457976,0.023156089,0,1,0.413043478,36,0.782608696,0,0.018010292,0.001715266,0.018010292,0.005145798,0,0.012864494,0.408233276,0.717755955,0.504817488,1,ISIS
161,Unitarian174,0.026124428,0.0201993,1,0,0.242537313,181,0.675373134,0.01615944,0.011580932,0.023969836,0.005117156,0.0201993,0.0201993,0.010503636,0.263937517,0.631432305,0.638443733,5,Unitarian
162,LiberalJudaism122,0.022308438,0.025703201,0,1,0.460674157,79,0.887640449,0.030067895,0.012124151,0.022308438,0.011154219,0.013579049,0.008244423,0.013579049,0.333171678,0.651891704,0.441666096,4,LiberalJudaism
163,AEU008,0.053373615,0.01510574,1,0,0.514285714,24,0.685714286,0.021148036,0.022155086,0,0.008056395,0,0,0.007049345,0.401812689,0.784027468,0.674291598,8,AEU
164,Rabbinic007,0.019567151,0.019863623,0,1,0.2421875,101,0.39453125,0.002668248,0.004743552,0.012748295,0.009190631,0.029350726,0.002668248,0.011858879,0.238956419,0.670982466,0.633790186,4,Rabbinic
165,MehrBaba123,0.04576144,0.027756939,1,0,0.434782609,46,0.666666667,0,0.017254314,0.002250563,0.012003001,0.007501875,0,0.030007502,0.339834959,0.782253094,0.802464953,6,MehrBaba
166,Rabbinic023,0.026408866,0.012968639,1,0,0.323636364,142,0.516363636,0.005423249,0.002357934,0.00754539,0.008960151,0.051874558,0.00070738,0.014619194,0.185097854,0.667108462,0.632518247,4,Rabbinic
167,WBC107,0.024907063,0.043122677,0,1,0.292207792,66,0.428571429,0.000371747,0.000743494,0.001486989,0.028252788,0.018587361,0.00260223,0.010037175,0.2866171,0.660033217,0.570116153,2,WBC
168,DorothyDay258,0.033955857,0.016977929,1,0,0.392857143,14,0.5,0.0237691,0,0.001697793,0.005093379,0,0,0.010186757,0.441426146,0.755892604,0.576023711,4,DorothyDay
169,MehrBaba094,0.031914894,0.026112186,1,0,0.666666667,29,0.805555556,0.000967118,0.010638298,0.00483559,0.002901354,0.035783366,0.002901354,0.007736944,0.405222437,0.745413259,0.532426627,7,MehrBaba
170,Rabbinic057,0.012899607,0.01794728,0,1,0.2421875,48,0.375,0.003925967,0.001121705,0.003365115,0.01121705,0.023555805,0.000560852,0.016825575,0.289399888,0.704229929,0.726039205,4,Rabbinic
171,Shepherd404,0.02740714,0.023079697,1,0,0.29338843,146,0.603305785,0.02740714,0.018031013,0.022358457,0.005769924,0.014424811,0.007933646,0.009015507,0.264334656,0.649366771,0.506494562,3,Shepherd
172,MalcolmX013,0.012381883,0.023460411,0,1,0.242937853,128,0.723163842,0.008797654,0.015314435,0.021505376,0.026067123,0.014988596,0,0.015966113,0.23981753,0.715735741,0.552851284,2,MalcolmX
173,LiberalJudaism138,0.01514154,0.011849901,1,0,0.535211268,58,0.816901408,0.051349572,0.003949967,0.003949967,0.009874918,0.009874918,0,0.01514154,0.318630678,0.692302262,0.636000369,3,LiberalJudaism
174,MalcolmX006,0.018456671,0.012304447,1,0,0.495356037,258,0.79876161,0.004570223,0.035507119,0.034452452,0.010546669,0.009316224,0.001230445,0.013183336,0.175953595,0.62714363,0.656116851,2,MalcolmX
175,YV11,0.036879433,0.015602837,1,0,0.485294118,44,0.647058824,0.032624113,0.019858156,0.021276596,0.009929078,0.00141844,0,0.015602837,0.35035461,0.719188254,0.607443978,8,YV
176,MehrBaba074,0.026579112,0.023452158,1,0,0.347222222,84,0.583333333,0,0.000625391,0.001563477,0.010631645,0.010006254,0,0.025015635,0.245153221,0.713494277,0.620184763,4,MehrBaba
177,LiberalJudaism060,0.012323944,0.037558685,0,1,0.432432432,46,0.621621622,0.025821596,0.004107981,0.002934272,0.004694836,0.009389671,0.004107981,0.011150235,0.372652582,0.720665244,0.585213651,1,LiberalJudaism
178,Rabbinic033,0.021423384,0.009440813,1,0,0.265432099,79,0.487654321,0.003267974,0.003631082,0.009803922,0.005083515,0.022512709,0,0.023238925,0.222222222,0.802649233,0.722537414,4,Rabbinic
179,Bahai05,0.043882979,0.039893617,1,0,0.230769231,18,0.461538462,0.002659574,0,0,0.011968085,0,0,0.030585106,0.424202128,0.753133823,0.604194929,6,Bahai
180,MehrBaba028,0.023880597,0.041791045,0,1,0.297297297,19,0.513513514,0,0.001492537,0.005970149,0.008955224,0.031343284,0,0.005970149,0.467164179,0.809394616,0.707386092,5,MehrBaba
181,Shepherd459,0.023301738,0.04107425,0,1,0.093117409,144,0.291497976,0.022906793,0.017772512,0.018167457,0.010663507,0.016587678,0.002764613,0.009873618,0.285545024,0.638114832,0.576861252,3,Shepherd
182,YV17,0.018567639,0.037135279,0,1,0.451612903,18,0.580645161,0.013262599,0.076923077,0.00265252,0.00265252,0,0,0.00530504,0.432360743,0.754388799,0.636221744,4,YV
183,Unitarian270,0.029285099,0.019164513,1,0,0.291512915,201,0.741697417,0.019164513,0.014427218,0.032515073,0.015503876,0.001722653,0.001722653,0.015288544,0.231481481,0.643459032,0.617199416,5,Unitarian
184,SeaShepherds398,0.024539877,0.012269939,1,0,0.357142857,8,0.571428571,0.030674847,0,0,0,0,0.003067485,0.006134969,0.432515337,0.802566043,0.582645207,2,Shepherd
185,LiberalJudaism072,0.021016618,0.029814272,0,1,0.4875,61,0.7625,0.017106549,0.002443793,0.00342131,0.007820137,0.023949169,0,0.007820137,0.307917889,0.714570269,0.674249686,1,LiberalJudaism
186,MalcolmX003,0.024480837,0.023805504,1,0,0.408510638,156,0.663829787,0.019415837,0.009285835,0.009285835,0.008779335,0.002363667,0.001350667,0.011143002,0.218301536,0.722669535,0.664602832,2,MalcolmX
187,JohnPiper415,0.052238806,0.017120281,1,0,0.469565217,87,0.756521739,0.037752414,0.031167691,0.004389816,0.004389816,0.011852502,0,0.009657594,0.208516242,0.689912578,0.607689428,2,JohnPiper
188,Bahai16,0.040590406,0.018450185,1,0,0.538461538,10,0.769230769,0.003690037,0,0,0.003690037,0.040590406,0,0.029520295,0.546125461,-0.451701405,0.626510842,5,Bahai
189,AEU009,0.020304569,0.065989848,0,1,0.833333333,11,0.916666667,0.07106599,0.005076142,0.010152284,0.005076142,0.005076142,0,0.005076142,0.624365482,-0.281032698,0.674114706,8,AEU
190,YV34,0.032094595,0.018581081,1,0,0.52,39,0.78,0.079391892,0.003378378,0.005067568,0,0,0.006756757,0.027027027,0.413851351,0.718641575,0.69712136,8,YV
191,DorothyDay189,0.02318094,0.02189311,1,0,0.540540541,66,0.891891892,0.030264005,0.018673535,0.009658725,0.014810045,0.021249195,0.001931745,0.005795235,0.349645847,0.777362804,0.504995745,3,DorothyDay
192,MehrBaba007,0.049115914,0.025540275,1,0,0.459459459,26,0.702702703,0.049115914,0,0.003929273,0.001964637,0.00589391,0,0.00589391,0.442043222,0.788018993,0.608906405,7,MehrBaba
193,Bahai17,0.055555556,0.063492063,0,1,0.5,4,0.666666667,0,0.031746032,0,0.023809524,0.031746032,0,0.007936508,0.642857143,-0.650808268,0.629894413,2,Bahai
194,Rabbinic047,0.017111567,0.015913758,1,0,0.29587156,210,0.481651376,0.002737851,0.003080082,0.01266256,0.005817933,0.030800821,0.01026694,0.014715948,0.188569473,0.650901209,0.598254269,4,Rabbinic
195,ISIS001,0.015027909,0.022327179,0,1,0.512820513,46,0.58974359,0.000429369,0.001717475,0.000429369,0.012451696,0.013310434,0,0.012881065,0.324602834,0.714242183,0.569448483,1,ISIS
196,AEU011,0.034626719,0.014734774,1,0,0.444444444,97,0.673611111,0.019646365,0.000736739,0.002701375,0.010314342,0.011051081,0,0.017436149,0.217583497,0.746955118,0.595774194,8,AEU
197,YV08,0.029613734,0.006866953,1,0,0.353773585,158,0.745283019,0.021030043,0.045064378,0.013304721,0.017596567,0.001287554,0.001287554,0.021030043,0.206866953,0.711111643,0.565988363,6,YV
198,MehrBaba161,0.022052587,0.006785411,1,0,0.483333333,46,0.766666667,0.001696353,0,0,0.004240882,0.022052587,0.081424936,0.000848176,0.27735369,0.702110042,0.735317217,3,MehrBaba
199,DorothyDay147,0.006864989,0.018306636,0,1,0.517241379,20,0.689655172,0.080091533,0.00228833,0.00228833,0.00228833,0.004576659,0.00228833,0.013729977,0.418764302,0.771736079,0.587619691,5,DorothyDay
200,YV14,0.041343669,0.023255814,1,0,0.3125,20,0.625,0.033591731,0.018087855,0.002583979,0,0,0,0.015503876,0.506459948,0.770866026,0.590747005,4,YV
201,YV10,0.020342612,0.018201285,1,0,0.356321839,77,0.885057471,0.003211991,0.011777302,0.117773019,0.001070664,0.023554604,0,0.018201285,0.379014989,0.725387411,0.644835445,8,YV
202,MehrBaba012,0.032993692,0.055798156,0,1,0.335820896,66,0.492537313,0.000485201,0.012615235,0.001940805,0.003881611,0.00339641,0,0.023289665,0.279475983,0.709407202,0.700018284,5,MehrBaba
203,MehrBaba024,0.049907579,0.005545287,1,0,0.620689655,18,0.620689655,0,0.009242144,0.007393715,0,0.025878004,0,0.011090573,0.456561922,0.677414546,0.510001455,6,MehrBaba
204,Bahai11,0.044416244,0.040609137,1,0,0.421052632,19,0.5,0.002538071,0.01142132,0.002538071,0.012690355,0.015228426,0,0.007614213,0.408629442,0.71720137,0.676332112,3,Bahai
205,YV19,0.035629454,0.03087886,1,0,0.540540541,30,0.810810811,0.033254157,0.071258907,0.002375297,0.002375297,0.004750594,0,0.011876485,0.396674584,0.733500891,0.49030789,6,YV
206,MehrBaba036,0.02886406,0.023277467,1,0,0.357142857,17,0.607142857,0.008379888,0,0,0.004655493,0.000931099,0,0.012104283,0.423649907,0.824515456,0.774607953,7,MehrBaba
207,LiberalJudaism052,0.017241379,0.02262931,0,1,0.487179487,60,0.769230769,0.016163793,0.004849138,0.013469828,0.011314655,0.004310345,0.002155172,0.010237069,0.337284483,0.703983142,0.666734928,3,LiberalJudaism
208,LiberalJudaism094,0.017371164,0.018529241,0,1,0.456521739,53,0.576086957,0.023740591,0.011001737,0.006948466,0.006369427,0.006948466,0,0.011001737,0.325998842,0.716188401,0.589450582,1,LiberalJudaism
209,DorothyDay001,0.022641509,0.011320755,1,0,0.344827586,17,0.586206897,0.013207547,0,0,0.020754717,0.005660377,0,0.018867925,0.466037736,0.760793168,0.571646122,3,DorothyDay
210,SeaShepherds396,0.020325203,0.018292683,1,0,0.35,13,0.65,0.020325203,0.012195122,0.00203252,0,0,0,0.00203252,0.359756098,0.739809687,0.588484582,1,Shepherd
211,LiberalJudaism093,0.02383532,0.016251354,1,0,0.506849315,53,0.726027397,0.033586132,0.001625135,0.006500542,0.007583965,0.012459372,0.000541712,0.011375948,0.355362947,0.669229134,0.526520763,4,LiberalJudaism
212,Rabbinic045,0.016460905,0.020576132,0,1,0.26010101,179,0.452020202,0.002992892,0.004115226,0.007856341,0.010662177,0.024691358,0.009539843,0.016835017,0.208005986,0.628578709,0.511308453,4,Rabbinic
213,Rabbinic018,0.012991976,0.011845625,1,0,0.098765432,78,0.320987654,0.005349637,0.003056935,0.001910585,0.012609859,0.01987008,0,0.011081391,0.300726022,0.747042729,0.628317545,4,Rabbinic
214,MehrBaba001,0.027745665,0.024277457,1,0,0.420454545,58,0.659090909,0,0,0.001734104,0.025433526,0.026011561,0,0.005780347,0.292485549,0.665596832,0.600492472,6,MehrBaba
215,Rabbinic024,0.015338571,0.023007856,0,1,0.174940898,180,0.425531915,0.001683502,0.005237561,0.0114104,0.011971568,0.028245417,0.000561167,0.016647961,0.201084923,0.717585129,0.694897764,4,Rabbinic
216,Rabbinic040,0.04735062,0.004509583,1,0,0.266666667,34,0.453333333,0.003382187,0,0.010146561,0.005636979,0.046223224,0.003382187,0.014656144,0.349492672,0.670966752,0.52819927,4,Rabbinic
217,Rabbinic016,0.011939626,0.020274837,0,1,0.240853659,181,0.551829268,0.008335211,0.006983555,0.008785763,0.027258392,0.029736427,0.003604415,0.016445145,0.206578058,0.667062063,0.657233809,4,Rabbinic
218,YV39,0.002754821,0,1,0,0.52,15,0.6,0.033057851,0,0,0.008264463,0.005509642,0,0.005509642,0.438016529,0.813786735,0.649262264,1,YV
219,Bahai03,0.020887728,0.01305483,1,0,0.409090909,24,0.545454545,0.022193211,0.003916449,0,0.007832898,0.011749347,0,0.010443864,0.398172324,0.763982338,0.641916478,5,Bahai
220,Rabbinic041,0.019906323,0.018442623,1,0,0.306034483,112,0.482758621,0.00175644,0.003220141,0.017564403,0.006147541,0.038934426,0.00058548,0.016393443,0.228337237,0.654005671,0.540882507,4,Rabbinic
221,ACLU04,0.008653846,0.020192308,0,1,0.4,17,0.425,0.003846154,0.001923077,0,0.023076923,0,0,0.005769231,0.381730769,0.664600565,0.442937413,3,ACLU
222,Bahai53,0.034825871,0.00331675,1,0,0.193548387,9,0.290322581,0.001658375,0,0.001658375,0.006633499,0.001658375,0.001658375,0.004975124,0.466003317,0.751534391,0.523941468,5,Bahai
223,SeaShepherds401,0.009049774,0.063348416,0,1,0.68,24,0.96,0.004524887,0.063348416,0.018099548,0.009049774,0,0,0,0.423076923,0.709285047,0.6413194,2,Shepherd
224,MalcolmX009,0.016652789,0.021482098,0,1,0.304136253,314,0.763990268,0.012156536,0.034304746,0.010824313,0.027477102,0.01582015,0.001165695,0.018484596,0.186511241,0.71342966,0.54987989,2,MalcolmX
225,ISIS010,0.008658009,0.025974026,0,1,0.4,9,0.45,0,0,0,0.012987013,0,0,0.001443001,0.438672439,0.83534367,0.633154671,1,ISIS
226,WBC423,0.056745899,0.016069635,1,0,0.581227437,230,0.83032491,0.042684968,0.008536994,0.007532641,0.011047874,0.018747908,0.000334784,0.019919652,0.174757282,0.688168126,0.721707328,1,WBC
227,LiberalJudaism144,0.015102975,0.009153318,1,0,0.514018692,86,0.803738318,0.019679634,0.013272311,0.021510297,0.008237986,0.005949657,0.000457666,0.015102975,0.31624714,0.606949735,0.398193615,2,LiberalJudaism
228,MalcolmX010,0.021069265,0.022122728,0,1,0.191489362,153,0.65106383,0.015275217,0.009481169,0.016328681,0.028180142,0.004213853,0.001316829,0.018698973,0.221227285,0.719954463,0.58817652,2,MalcolmX
229,Bahai27,0.021551724,0.025862069,0,1,0.4,7,0.7,0,0,0,0.017241379,0.012931034,0,0.004310345,0.426724138,-0.080271412,0.660000784,4,Bahai
230,Rabbinic001,0.026267111,0.024509804,1,0,0.335034014,348,0.591836735,0.003329634,0.013041065,0.008509064,0.014335923,0.03736589,0.001849797,0.01045135,0.181280059,0.710481211,0.511594774,4,Rabbinic
231,Rabbinic038,0.019510329,0.019510329,0,1,0.290909091,200,0.519480519,0.005738332,0.001338944,0.015110941,0.01185922,0.035577659,0.003634277,0.015302219,0.201606733,0.676434884,0.591038862,4,Rabbinic
232,YV07,0.045774648,0.01056338,1,0,0.381818182,75,0.681818182,0.044894366,0.028169014,0.003521127,0.007042254,0.001760563,0.000880282,0.014084507,0.279049296,0.677318404,0.542770124,7,YV
233,YV21,0.02638191,0.011306533,1,0,0.62745098,77,0.754901961,0.031407035,0.040829146,0.001256281,0.001884422,0,0,0.014447236,0.26758794,0.714856143,0.691801209,4,YV
234,Bahai46,0.039306358,0.019653179,1,0,0.390243902,22,0.536585366,0.016184971,0.001156069,0.002312139,0.002312139,0.019653179,0,0.009248555,0.448554913,0.706487057,0.706098457,1,Bahai
235,Rabbinic006,0.017214996,0.015684774,1,0,0.283505155,91,0.469072165,0.001912777,0.001147666,0.007651109,0.013389441,0.022188217,0.001530222,0.02869166,0.249808722,0.666116837,0.651013559,4,Rabbinic
236,Rabbinic015,0.022804205,0.011223944,1,0,0.179545455,172,0.390909091,0.001425263,0.001603421,0.006057367,0.012649207,0.025298414,0.001781578,0.017993943,0.179048637,0.751808007,0.630515099,4,Rabbinic
237,Shepherd175,0.041450777,0.017394523,1,0,0.337423313,126,0.773006135,0.018874907,0.021465581,0.039600296,0.001110289,0.030717987,0.01665433,0.009992598,0.279792746,0.623034442,0.463175748,4,Shepherd
238,DorothyDay044,0.02173913,0.02173913,0,1,0.41509434,43,0.811320755,0.023913043,0.018478261,0.009782609,0.009782609,0.017391304,0,0.014130435,0.402173913,0.788027588,0.691311412,3,DorothyDay
239,Rabbinic004,0.011368334,0.019429516,0,1,0.286127168,169,0.488439306,0.002480364,0.003100455,0.007647788,0.013848698,0.037825548,0.000206697,0.021289789,0.21847871,0.655592789,0.653458934,4,Rabbinic
240,LiberalJudaism034,0.025122349,0.018923328,1,0,0.45890411,130,0.890410959,0.041435563,0.030995106,0.026427406,0.005872757,0.009787928,0.000652529,0.010114192,0.259380098,0.692031512,0.493622629,2,LiberalJudaism
241,ISIS002,0.022058824,0.022058824,0,1,0.684210526,14,0.736842105,0,0,0,0.028186275,0.007352941,0,0.012254902,0.401960784,0.783571778,0.845135206,2,ISIS
242,PastorAnderson044,0.02908078,0.009247911,1,0,0.433287483,587,0.807427785,0.019721448,0.042896936,0.024066852,0.024512535,0.006573816,0.000557103,0.015264624,0.093259053,0.721192446,0.692381912,2,Anderson
243,PastorAnderson227,0.021105142,0.019953952,1,0,0.247644684,511,0.687752355,0.014581734,0.014773599,0.01247122,0.013910207,0.009593246,0.002973906,0.025901765,0.112816577,0.733231535,0.704500331,1,Anderson
244,LiberalJudaism064,0.022442244,0.02640264,0,1,0.434782609,46,0.666666667,0.025082508,0.004620462,0.00660066,0.015181518,0.00330033,0.002640264,0.00990099,0.353135314,0.700161442,0.701418749,1,LiberalJudaism
245,Rabbinic037,0.020581114,0.012510089,1,0,0.25,93,0.438679245,0.001210654,0.001210654,0.008071025,0.007667474,0.049636804,0.000807103,0.012510089,0.244552058,0.709952676,0.598181722,4,Rabbinic
246,MehrBaba054,0.033670034,0.037037037,0,1,0.5,13,0.722222222,0.016835017,0.026936027,0,0.006734007,0,0,0.016835017,0.552188552,0.405426658,0.681792951,3,MehrBaba
247,Shepherd260,0.041718946,0.018506901,1,0,0.126237624,187,0.462871287,0.020702635,0.017252196,0.022898369,0.007528231,0.010037641,0.007528231,0.013174404,0.264742785,0.678082174,0.508677204,3,Shepherd
248,Rabbinic054,0.014964029,0.012661871,1,0,0.301204819,137,0.550200803,0.002302158,0.006330935,0.009496403,0.012374101,0.042877698,0.021294964,0.014388489,0.216978417,0.671311433,0.665808609,4,Rabbinic
249,YV13,0.016470588,0.007058824,1,0,0.578947368,28,0.736842105,0.009411765,0.070588235,0.002352941,0.007058824,0,0,0.032941176,0.407058824,0.772758788,0.553920281,5,YV
250,YV54,0.028716216,0.018581081,1,0,0.530612245,39,0.795918367,0.008445946,0.084459459,0.003378378,0.008445946,0,0,0.027027027,0.349662162,0.725147151,0.60675825,3,YV
251,JohnPiper020,0.02724359,0.008012821,1,0,0.636363636,30,0.909090909,0.008012821,0.019230769,0.051282051,0.003205128,0.019230769,0,0.012820513,0.384615385,0.713499603,0.734986919,4,JohnPiper
252,Bahai30,0.049798116,0.040376851,1,0,0.275862069,10,0.344827586,0,0,0,0,0.00807537,0,0.009421265,0.271870794,0.836103533,0.642909801,4,Bahai
253,Unitarian042,0.030612245,0.020408163,1,0,0.242857143,199,0.710714286,0.018820862,0.012018141,0.024716553,0.023356009,0.012244898,0.002040816,0.008390023,0.259863946,0.711678131,0.488417497,5,Unitarian
254,MehrBaba156,0.018662519,0.034214619,0,1,0.342857143,15,0.428571429,0,0,0,0.01244168,0.00777605,0.00155521,0.00777605,0.458786936,0.853420485,0.717769756,6,MehrBaba
255,MalcolmX007,0.013637148,0.022009322,0,1,0.309033281,486,0.770206022,0.008717418,0.018470568,0.02433972,0.018297946,0.016485413,0.000604177,0.015622303,0.153115829,0.669400127,0.545841173,2,MalcolmX
256,LiberalJudaism165,0.029953917,0.033640553,0,1,0.256,92,0.736,0.031336406,0.001382488,0.005069124,0.020276498,0.012903226,0,0.013364055,0.339170507,0.696984683,0.651524397,4,LiberalJudaism
257,WBC421,0.015864622,0.022871497,0,1,0.363076923,240,0.738461538,0.012162877,0.017186674,0.008725542,0.013484929,0.019830777,0.01070862,0.017318879,0.16684294,0.681821101,0.622868147,1,WBC
258,YV47,0.04496788,0.00856531,1,0,0.395833333,34,0.708333333,0.017130621,0.064239829,0.010706638,0.006423983,0.002141328,0.002141328,0.00856531,0.361884368,0.733674762,0.515240181,5,YV
259,Rabbinic053,0.011523227,0.016204537,0,1,0.20361991,106,0.479638009,0.006481815,0.002160605,0.007562117,0.011883327,0.028087865,0.009362622,0.019445445,0.261793302,0.740450028,0.5750385,4,Rabbinic
260,JohnPiper250,0.022323462,0.046469248,0,1,0.353846154,68,0.523076923,0.009111617,0.004555809,0.013211845,0.009567198,0.017312073,0,0.012300683,0.272437358,0.656134362,0.535040144,5,JohnPiper
261,Bahai24,0.044213264,0.020806242,1,0,0.548387097,18,0.580645161,0.00520156,0,0,0.00520156,0.035110533,0,0.00130039,0.310793238,0.787488094,0.760861414,4,Bahai
262,JohnPiper564,0.026748971,0.022633745,1,0,0.496551724,117,0.806896552,0.041152263,0.023868313,0.003292181,0.002469136,0.043621399,0,0.009876543,0.173662551,0.641937059,0.646481448,4,JohnPiper
263,Rabbinic021,0.035336976,0.023315118,1,0,0.316384181,82,0.463276836,0.003642987,0.000364299,0.010564663,0.008014572,0.024043716,0.000728597,0.023315118,0.230236794,0.68657971,0.52748208,4,Rabbinic
264,ACLU03,0.03030303,0.025108225,1,0,0.285714286,25,0.446428571,0.002597403,0.004329004,0,0.00952381,0.004329004,0,0.01038961,0.399134199,0.747603608,0.476661675,3,ACLU
265,LiberalJudaism075,0.030031612,0.012118019,1,0,0.4625,57,0.7125,0.021601686,0.010010537,0.010010537,0.015806112,0.01369863,0,0.012118019,0.321917808,0.651338389,0.544057292,4,LiberalJudaism
266,Rabbinic019,0.023411371,0.015384615,1,0,0.326180258,123,0.527896996,0.004013378,0.011036789,0.010702341,0.006020067,0.04180602,0,0.024749164,0.242140468,0.756630669,0.754961673,4,Rabbinic
267,AEU005,0.033898305,0.028248588,1,0,0.625,13,0.8125,0.042372881,0.008474576,0.028248588,0.002824859,0.002824859,0,0.002824859,0.525423729,0.769637488,0.451907441,8,AEU
268,Bahai64,0.021201413,0.017667845,1,0,0.25,9,0.375,0,0,0,0.014134276,0,0,0.005300353,0.492932862,0.718910629,0.543670042,4,Bahai
269,YV59,0.034920635,0.017460317,1,0,0.538461538,42,0.807692308,0.074603175,0.007936508,0.00952381,0.001587302,0,0.006349206,0.03015873,0.4,0.707114255,0.640522076,5,YV
270,Shepherd358,0.030178326,0.018175583,1,0,0.240875912,181,0.660583942,0.035665295,0.01303155,0.016803841,0.005486968,0.031207133,0.01611797,0.008916324,0.237654321,0.670562191,0.596822233,5,Shepherd
271,LiberalJudaism091,0.021778584,0.012099214,1,0,0.44,53,0.706666667,0.042952208,0.001209921,0.007864489,0.006049607,0.002419843,0.000604961,0.016938899,0.352692075,0.723708947,0.6534685,3,LiberalJudaism
272,Bahai21,0.02020202,0.03030303,0,1,0.464285714,16,0.571428571,0,0.003367003,0,0,0.021885522,0,0.021885522,0.326599327,0.715760486,0.625388318,4,Bahai
273,SeaShepherds404,0.015576324,0.015576324,0,1,0.818181818,10,0.909090909,0.018691589,0,0.009345794,0,0,0.024922118,0.003115265,0.510903427,0.803581157,0.609438582,2,Shepherd
274,Rabbinic043,0.022368101,0.024070022,0,1,0.145772595,159,0.463556851,0.002431315,0.001945052,0.013858497,0.025042548,0.02528568,0.000729395,0.02212497,0.214198882,0.798184546,0.638628531,4,Rabbinic
275,JohnPiper038,0.026918671,0.019473081,1,0,0.502673797,152,0.812834225,0.039805269,0.006300115,0.012886598,0.006013746,0.029209622,0.000286369,0.015177549,0.199599084,0.736150361,0.611053533,5,JohnPiper
276,Bahai37,0.04697157,0.042027194,1,0,0.472222222,27,0.75,0.013597033,0.002472188,0,0.012360939,0.004944376,0,0.011124845,0.43881335,0.788021239,0.725581454,2,Bahai
277,WBC201,0.019263265,0.019263265,0,1,0.467741935,87,0.701612903,0.007772896,0.007096992,0.030753633,0.010476512,0.028725921,0.000337952,0.003717472,0.25042244,0.667876555,0.68164482,1,WBC
278,MehrBaba064,0.026461694,0.021925403,1,0,0.523076923,101,0.776923077,0.000504032,0.001512097,0.003528226,0.008820565,0.033518145,0.000756048,0.005796371,0.316784274,0.706330669,0.512628171,6,MehrBaba
279,DorothyDay556,0.034435262,0.024793388,1,0,0.333333333,26,0.666666667,0.033057851,0.015151515,0.006887052,0.015151515,0.026170799,0.005509642,0.005509642,0.429752066,0.714252081,0.553356469,5,DorothyDay
280,Bahai09,0.045,0.01125,1,0,0.454545455,15,0.454545455,0.00125,0,0,0.01375,0.0025,0.0025,0.005,0.3975,0.703989282,0.642101917,6,Bahai
281,YV06,0.027289266,0.007277138,1,0,0.352941176,78,0.764705882,0.010915706,0.013341419,0,0.00667071,0.033353548,0.004851425,0.012734991,0.347483323,0.664039114,0.689833712,5,YV
282,AEU012,0.052631579,0.014473684,1,0,0.486486486,22,0.594594595,0.038157895,0.006578947,0,0.001315789,0,0,0.003947368,0.406578947,0.633387558,0.58682994,8,AEU
283,PastorAnderson160,0.033600611,0.01489118,1,0,0.428571429,656,0.794188862,0.013650248,0.031882398,0.031405116,0.01231386,0.012600229,9.55E-05,0.028255059,0.105192822,0.658390394,0.608845614,1,Anderson
284,SeaShepherds405,0.011257036,0.018761726,0,1,0.631578947,12,0.631578947,0.001876173,0,0.003752345,0.022514071,0,0,0.005628518,0.47467167,0.714328906,0.674479367,1,Shepherd
285,Unitarian096,0.019230769,0.013461538,1,0,0.296774194,118,0.761290323,0.019230769,0.005,0.045769231,0.003461538,0.009615385,0.008461538,0.008076923,0.315384615,0.680268854,0.546525073,5,Unitarian
286,YV42,0.014369106,0.022451729,0,1,0.407407407,112,0.82962963,0.071845532,0.000449035,0.008082622,0.003592277,0.001347104,0,0.019308487,0.240682533,0.676365358,0.731791164,5,YV
287,DorothyDay383,0.050615595,0.012311902,1,0,0.477272727,33,0.75,0.042407661,0.023255814,0.024623803,0.012311902,0.006839945,0.001367989,0.012311902,0.415868673,0.734630758,0.59302014,5,DorothyDay
288,MehrBaba058,0.057529611,0.014382403,1,0,0.434210526,54,0.710526316,0.02284264,0,0.012690355,0.001692047,0.043147208,0,0.018612521,0.390862944,0.652547174,0.42282704,3,MehrBaba
289,JohnPiper459,0.035648433,0.008604794,1,0,0.428571429,48,0.685714286,0.029502151,0.002458513,0.003073141,0.006146281,0.012292563,0,0.004917025,0.330669945,0.727937396,0.696327448,3,JohnPiper
290,JohnPiper104,0.024232633,0.014216478,1,0,0.292237443,157,0.716894977,0.013247173,0.022294023,0.016801292,0.007431341,0.021001616,0.000323102,0.015831987,0.19644588,0.692043792,0.661173228,5,JohnPiper
291,LiberalJudaism046,0.023041475,0.015500628,1,0,0.464,95,0.76,0.012987013,0.019689987,0.032258065,0.005446167,0.007959782,0.002513615,0.013824885,0.296187683,0.657782951,0.565585059,4,LiberalJudaism
292,ISIS007,0.004694836,0.042253521,0,1,0.636363636,7,0.636363636,0,0.042253521,0,0.009389671,0.0657277,0,0.009389671,0.469483568,0.864967486,0.619622503,1,ISIS
293,WBC228,0.030683919,0.017744917,1,0,0.338461538,64,0.492307692,0.020332717,0.01663586,0.012939002,0.008502773,0.01219963,0,0.004066543,0.254343808,0.708917986,0.568855231,1,WBC
294,Rabbinic025,0.017161536,0.008716971,1,0,0.221402214,116,0.42804428,0.006537728,0.00408608,0.008444566,0.007899755,0.0204304,0.001089621,0.0204304,0.214655407,0.733099803,0.571455025,4,Rabbinic
295,ACLU12,0.042772861,0.02359882,1,0,0.482758621,18,0.620689655,0.01179941,0,0.002949853,0.004424779,0.019174041,0,0.008849558,0.541297935,0.716189467,0.559694541,3,ACLU
296,YV49,0.027538726,0.012048193,1,0,0.393939394,20,0.606060606,0.032702238,0.017211704,0,0.003442341,0,0,0.010327022,0.413080895,0.745496075,0.731128012,4,YV
297,DorothyDay678,0.021709634,0.033921303,0,1,0.45,32,0.8,0.03256445,0.014925373,0.008141113,0.014925373,0.029850746,0.004070556,0.012211669,0.415196744,0.749295289,0.572785286,4,DorothyDay
298,YV43,0.007371007,0.007371007,0,1,0.608695652,15,0.652173913,0.044226044,0,0.004914005,0,0.004914005,0,0.014742015,0.508599509,0.674147007,0.424220076,4,YV
299,MehrBaba046,0.049797571,0.011740891,1,0,0.475935829,161,0.860962567,0.002834008,0.045748988,0.055060729,0.000404858,0.006882591,0,0.031983806,0.126315789,0.862735387,0.787118817,6,MehrBaba
300,DorothyDay666,0.023709902,0.026499303,0,1,0.484848485,26,0.787878788,0.033472803,0.011157601,0.012552301,0.008368201,0.006973501,0.0041841,0.015341702,0.421199442,0.76337541,0.566823402,2,DorothyDay
301,Bahai23,0.027272727,0.009090909,1,0,0.4,7,0.466666667,0,0.003030303,0,0.003030303,0,0,0.024242424,0.415151515,0.859983554,0.719353848,6,Bahai
302,YV01,0.005479452,0.008219178,0,1,0.409090909,13,0.590909091,0.002739726,0,0,0.032876712,0.010958904,0.005479452,0.002739726,0.526027397,0.73993641,0.502723161,3,YV
303,Rabbinic017,0.023717595,0.015995587,1,0,0.187739464,124,0.475095785,0.000551572,0.003309432,0.004688362,0.010755654,0.040816327,0,0.021787093,0.238279095,0.68017751,0.580441353,4,Rabbinic
304,YV04,0.03820598,0.008305648,1,0,0.350993377,102,0.675496689,0.022702104,0.058139535,0.002214839,0.00055371,0.00166113,0.00055371,0.014950166,0.259136213,0.71564461,0.7146557,3,YV
305,LiberalJudaism129,0.019534185,0.011269722,1,0,0.434782609,56,0.811594203,0.050338092,0.002253944,0.008264463,0.008264463,0.007513148,0.002253944,0.010518407,0.363636364,0.690865787,0.504628491,3,LiberalJudaism
306,MehrBaba107,0.026119403,0.029850746,0,1,0.483870968,21,0.677419355,0.002487562,0,0,0.008706468,0.021144279,0,0.021144279,0.400497512,0.782435209,0.702333889,6,MehrBaba
307,Rabbinic030,0.023613596,0.005008945,1,0,0.342857143,95,0.542857143,0.001788909,0.005724508,0.00608229,0.006797853,0.023613596,0.000715564,0.02862254,0.228980322,0.811838859,0.733158496,4,Rabbinic
308,Rabbinic031,0.011306863,0.019195372,0,1,0.171428571,125,0.396825397,0.001577702,0.002892453,0.006836708,0.021824875,0.014725217,0.001051801,0.022613726,0.237970024,0.715961656,0.545855379,4,Rabbinic
309,Unitarian260,0.024010976,0.016007318,1,0,0.254166667,168,0.7,0.018751429,0.006174251,0.033844043,0.009833067,0.008918363,0.003658815,0.006860279,0.283329522,0.646829946,0.584276725,5,Unitarian
310,SeaShepherds407,0.011532125,0.021965953,0,1,0.445783133,56,0.674698795,0.017572762,0,0.023613399,0.012630423,0.000549149,0,0.006040637,0.275672707,0.691131182,0.628273481,1,Shepherd
311,DorothyDay565,0.031290743,0.010430248,1,0,0.366666667,19,0.633333333,0.023468057,0,0,0,0.026075619,0,0.006518905,0.401564537,0.755771993,0.611446144,4,DorothyDay
312,PastorAnderson018,0.021889232,0.008667548,1,0,0.162095784,935,0.382726156,0.012413692,0.02166887,0.021815778,0.021007786,0.012634053,0.000293815,0.019171441,0.079770824,0.716254381,0.843145018,1,Anderson
313,Bahai04,0.034749035,0.009009009,1,0,0.441176471,20,0.588235294,0.01029601,0,0,0.019305019,0.009009009,0,0.007722008,0.384813385,0.721030567,0.566947098,6,Bahai
314,Rabbinic048,0.012045455,0.026818182,0,1,0.282608696,163,0.50621118,0.0025,0.007272727,0.02,0.015227273,0.032045455,0.006818182,0.019318182,0.216136364,0.67563401,0.573817939,4,Rabbinic
315,WBC418,0.034761697,0.012243113,1,0,0.448051948,106,0.688311688,0.012024486,0.00218627,0.010056843,0.008745081,0.008745081,0.001530389,0.0080892,0.209444687,0.696462476,0.64754219,1,WBC
316,LiberalJudaism068,0.017805582,0.031761309,0,1,0.432098765,64,0.790123457,0.021655438,0.005293551,0.011068335,0.003368624,0.01732435,0.001924928,0.011068335,0.34985563,0.732475607,0.731104206,1,LiberalJudaism
317,Rabbinic008,0.017241379,0.01011994,1,0,0.259179266,213,0.460043197,0.001311844,0.005997001,0.020989505,0.01517991,0.025862069,0.005434783,0.014055472,0.196026987,0.665511528,0.553327417,4,Rabbinic
318,LiberalJudaism097,0.026136364,0.025,1,0,0.478873239,58,0.816901408,0.045454545,0.007386364,0.003409091,0.005681818,0.009090909,0.003409091,0.011931818,0.330681818,0.70837208,0.658324411,2,LiberalJudaism
319,MalcolmX001,0.009019844,0.020444979,0,1,0.341463415,67,0.817073171,0.030667468,0,0.020444979,0.010823812,0.020444979,0,0.007817198,0.341551413,0.70729231,0.625664062,2,MalcolmX
320,YV20,0.035360212,0.01354924,1,0,0.402597403,178,0.770562771,0.032055519,0.049239921,0.005617978,0.00462657,0.000991408,0.000991408,0.010575017,0.204560476,0.662565276,0.76430317,6,YV
321,Rabbinic020,0.012382075,0.014740566,0,1,0.190839695,133,0.507633588,0.000884434,0.005306604,0.010613208,0.018573113,0.039799528,0.001768868,0.015035377,0.244398585,0.704450854,0.60365356,4,Rabbinic
322,ACLU11,0.007590133,0.026565465,0,1,0.588235294,10,0.588235294,0,0,0,0.037950664,0.011385199,0,0.001897533,0.407969639,0.628027026,0.55339112,3,ACLU
323,Shepherd695,0.049491525,0.020677966,1,0,0.212698413,192,0.60952381,0.017627119,0.025084746,0.021694915,0.01220339,0.02779661,0.00779661,0.01559322,0.271864407,0.643155008,0.508893073,4,Shepherd
324,Rabbinic012,0.020282729,0.020282729,0,1,0.21369863,136,0.37260274,0.003278017,0.002253637,0.003892645,0.012292563,0.010653555,0.000409752,0.020077853,0.207949191,0.782024481,0.772296875,4,Rabbinic
325,ISIS011,0.01786018,0.025514543,0,1,0.463963964,170,0.765765766,0.003231842,0.007314169,0.003572036,0.022112604,0.0335091,0,0.010546011,0.235414186,0.678232319,0.60146594,1,ISIS
326,Bahai45,0.018200202,0.003033367,1,0,0.365384615,34,0.653846154,0.004044489,0.006066734,0.032355915,0.026289181,0.011122346,0,0.006066734,0.382204247,0.751328703,0.565258702,5,Bahai
327,PastorAnderson119,0.02886533,0.020363178,1,0,0.337954939,449,0.778162912,0.012700745,0.014695077,0.017319198,0.013120605,0.043140548,0.001049648,0.011861027,0.111052797,0.659995215,0.669999099,1,Anderson
328,MehrBaba261,0.021828104,0.015279673,1,0,0.231746032,242,0.768253968,0.003274216,0.039563438,0.014461119,0.02100955,0.012005457,0.000818554,0.031377899,0.219099591,0.720276238,0.6370721,5,MehrBaba
329,Rabbinic010,0.010629252,0.017431973,0,1,0.262195122,71,0.432926829,0.003826531,0.00297619,0.017857143,0.008928571,0.025510204,0.008503401,0.017431973,0.239795918,0.652720185,0.549522107,4,Rabbinic
330,YV41,0.043373494,0.007228916,1,0,0.387096774,67,0.720430108,0.043373494,0.032128514,0.009638554,0.007228916,0.001606426,0.001606426,0.008032129,0.289959839,0.7112245,0.656459031,7,YV
331,MehrBaba044,0.017661389,0.018879415,0,1,0.402515723,100,0.628930818,0.000304507,0.001522533,0.000304507,0.003045067,0.015225335,0,0.029232643,0.216199756,0.84147341,0.685641383,7,MehrBaba
332,YV18,0.032183908,0.013793103,1,0,0.444444444,26,0.722222222,0.018390805,0.03908046,0.002298851,0.011494253,0,0,0.016091954,0.429885057,0.712932554,0.52074259,5,YV
333,LiberalJudaism152,0.024699599,0.019359146,1,0,0.509433962,47,0.886792453,0.030040053,0.001335113,0.006675567,0.008010681,0.00200267,0.001335113,0.024699599,0.332443258,0.772893809,0.720640688,3,LiberalJudaism
334,LiberalJudaism127,0.019512195,0.015176152,1,0,0.340909091,66,0.75,0.025474255,0.008672087,0.015176152,0.002710027,0.010840108,0.000542005,0.010298103,0.377235772,0.714812233,0.615206161,3,LiberalJudaism
335,Bahai54,0.023850085,0.015332198,1,0,0.451612903,19,0.612903226,0.005110733,0,0.001703578,0.028960818,0,0,0.022146508,0.488926746,0.703520274,0.581453943,5,Bahai
336,MehrBaba125,0.018268467,0.016679905,1,0,0.58,45,0.9,0,0,0.001588562,0.020651311,0.063542494,0.001588562,0.01350278,0.313741064,0.797613802,0.862340342,8,MehrBaba
337,WBC422,0.05507577,0.015968714,1,0,0.579136691,230,0.827338129,0.041551247,0.008310249,0.007658465,0.01075444,0.018249959,0.000325892,0.019227636,0.172071044,0.698021488,0.597818034,1,WBC
338,Bahai10,0.054161162,0.010568032,1,0,0.4,22,0.55,0.002642008,0.007926024,0,0.005284016,0.015852048,0.001321004,0.010568032,0.394980185,0.72714977,0.59496891,6,Bahai
339,MehrBaba162,0.073051948,0.022727273,1,0,0.567567568,33,0.891891892,0.008116883,0,0,0.003246753,0.00974026,0,0.063311688,0.402597403,0.792107903,0.74448864,3,MehrBaba
340,MehrBaba050,0.038548753,0.015873016,1,0,0.157894737,4,0.210526316,0.002267574,0,0,0.006802721,0,0,0.004535147,0.510204082,0.776469781,0.549713596,3,MehrBaba
341,MalcolmX004,0.020093587,0.022846133,0,1,0.32,306,0.765,0.017753922,0.027250206,0.019955959,0.020231214,0.019680705,0.001101018,0.013349849,0.16749243,0.638681553,0.600845079,2,MalcolmX
